rank,GFP_type,aaMutations,mutant_sequence,mutation_count,pred_delta_log_brightness_mean,pred_delta_log_brightness_std,pred_log_brightness,final_score,single_prior_sum,single_prior_available_ratio,stability_risk,notes
1,amacGFP,I166T:L235M,MSKGEELFTGIVPVLIELDGDVHGHKFSVRGEGEGDADYGKLEIKFICTTGKLPVPWPTLVTTLSYGILCFARYPEHMKMNDFFKSAMPEGYIQERTIFFQDDGKYKTRGEVKFEGDTLVNRIELKGMDFKEDGNILGHKLEYNFNSHNVYIMPDKANNGLKVNFKTRHNIEGGGVQLADHYQTNVPLGDGPVLIPINHYLSCQTAISKDRNETRDHMVFLEFFSACGHTHGMDEMYK,2,0.11787421405315399,0.008120880391117894,1.496825018280697,0.11381377385759504,0.07295775413513184,1.0,low,stable proxy
2,amacGFP,I166T:T183M,MSKGEELFTGIVPVLIELDGDVHGHKFSVRGEGEGDADYGKLEIKFICTTGKLPVPWPTLVTTLSYGILCFARYPEHMKMNDFFKSAMPEGYIQERTIFFQDDGKYKTRGEVKFEGDTLVNRIELKGMDFKEDGNILGHKLEYNFNSHNVYIMPDKANNGLKVNFKTRHNIEGGGVQLADHYQMNVPLGDGPVLIPINHYLSCQTAISKDRNETRDHMVFLEFFSACGHTHGMDELYK,2,0.1119527906179428,0.012028699372816583,1.4909035948454858,0.10593844093153451,0.0719994604587555,1.0,low,stable proxy
3,amacGFP,A205V:V162A,MSKGEELFTGIVPVLIELDGDVHGHKFSVRGEGEGDADYGKLEIKFICTTGKLPVPWPTLVTTLSYGILCFARYPEHMKMNDFFKSAMPEGYIQERTIFFQDDGKYKTRGEVKFEGDTLVNRIELKGMDFKEDGNILGHKLEYNFNSHNVYIMPDKANNGLKANFKIRHNIEGGGVQLADHYQTNVPLGDGPVLIPINHYLSCQTVISKDRNETRDHMVFLEFFSACGHTHGMDELYK,2,0.11074994057416916,0.015772927687424748,1.4897007448017123,0.10286347673045679,0.019083218649029732,1.0,low,stable proxy
4,amacGFP,I166T:L193V,MSKGEELFTGIVPVLIELDGDVHGHKFSVRGEGEGDADYGKLEIKFICTTGKLPVPWPTLVTTLSYGILCFARYPEHMKMNDFFKSAMPEGYIQERTIFFQDDGKYKTRGEVKFEGDTLVNRIELKGMDFKEDGNILGHKLEYNFNSHNVYIMPDKANNGLKVNFKTRHNIEGGGVQLADHYQTNVPLGDGPVVIPINHYLSCQTAISKDRNETRDHMVFLEFFSACGHTHGMDELYK,2,0.10567185878753663,0.011160963013302029,1.4846226630150798,0.10009137728088562,0.06902870535850525,1.0,low,stable proxy
5,amacGFP,I166T:T8A,MSKGEELFAGIVPVLIELDGDVHGHKFSVRGEGEGDADYGKLEIKFICTTGKLPVPWPTLVTTLSYGILCFARYPEHMKMNDFFKSAMPEGYIQERTIFFQDDGKYKTRGEVKFEGDTLVNRIELKGMDFKEDGNILGHKLEYNFNSHNVYIMPDKANNGLKVNFKTRHNIEGGGVQLADHYQTNVPLGDGPVLIPINHYLSCQTAISKDRNETRDHMVFLEFFSACGHTHGMDELYK,2,0.10552675724029541,0.011840584884998093,1.4844775614678385,0.09960646479779636,0.07216393202543259,1.0,low,stable proxy
6,amacGFP,I166T:I46V,MSKGEELFTGIVPVLIELDGDVHGHKFSVRGEGEGDADYGKLEIKFVCTTGKLPVPWPTLVTTLSYGILCFARYPEHMKMNDFFKSAMPEGYIQERTIFFQDDGKYKTRGEVKFEGDTLVNRIELKGMDFKEDGNILGHKLEYNFNSHNVYIMPDKANNGLKVNFKTRHNIEGGGVQLADHYQTNVPLGDGPVLIPINHYLSCQTAISKDRNETRDHMVFLEFFSACGHTHGMDELYK,2,0.10879502147436142,0.020403917290387378,1.4877458257019045,0.09859306282916773,0.0720941573381424,1.0,low,stable proxy
7,amacGFP,I166T:N158K,MSKGEELFTGIVPVLIELDGDVHGHKFSVRGEGEGDADYGKLEIKFICTTGKLPVPWPTLVTTLSYGILCFARYPEHMKMNDFFKSAMPEGYIQERTIFFQDDGKYKTRGEVKFEGDTLVNRIELKGMDFKEDGNILGHKLEYNFNSHNVYIMPDKANKGLKVNFKTRHNIEGGGVQLADHYQTNVPLGDGPVLIPINHYLSCQTAISKDRNETRDHMVFLEFFSACGHTHGMDELYK,2,0.10486388206481934,0.024447602128790585,1.4838146862923625,0.09264008100042405,0.0711168646812439,1.0,low,stable proxy
8,amacGFP,I166T:S224T,MSKGEELFTGIVPVLIELDGDVHGHKFSVRGEGEGDADYGKLEIKFICTTGKLPVPWPTLVTTLSYGILCFARYPEHMKMNDFFKSAMPEGYIQERTIFFQDDGKYKTRGEVKFEGDTLVNRIELKGMDFKEDGNILGHKLEYNFNSHNVYIMPDKANNGLKVNFKTRHNIEGGGVQLADHYQTNVPLGDGPVLIPINHYLSCQTAISKDRNETRDHMVFLEFFTACGHTHGMDELYK,2,0.09902851283550262,0.013253259668561434,1.4779793170630457,0.0924018830012219,0.07460249215364456,1.0,low,stable proxy
9,amacGFP,I122V:I166V,MSKGEELFTGIVPVLIELDGDVHGHKFSVRGEGEGDADYGKLEIKFICTTGKLPVPWPTLVTTLSYGILCFARYPEHMKMNDFFKSAMPEGYIQERTIFFQDDGKYKTRGEVKFEGDTLVNRVELKGMDFKEDGNILGHKLEYNFNSHNVYIMPDKANNGLKVNFKVRHNIEGGGVQLADHYQTNVPLGDGPVLIPINHYLSCQTAISKDRNETRDHMVFLEFFSACGHTHGMDELYK,2,0.09666089713573456,0.010824557091468453,1.4756117013632777,0.09124861859000033,0.07321589440107346,1.0,low,stable proxy
10,amacGFP,I166T:T49S,MSKGEELFTGIVPVLIELDGDVHGHKFSVRGEGEGDADYGKLEIKFICTSGKLPVPWPTLVTTLSYGILCFARYPEHMKMNDFFKSAMPEGYIQERTIFFQDDGKYKTRGEVKFEGDTLVNRIELKGMDFKEDGNILGHKLEYNFNSHNVYIMPDKANNGLKVNFKTRHNIEGGGVQLADHYQTNVPLGDGPVLIPINHYLSCQTAISKDRNETRDHMVFLEFFSACGHTHGMDELYK,2,0.09869734644889831,0.015718323738715987,1.4776481506764414,0.09083818457954032,0.06897935271263123,1.0,low,stable proxy
1,avGFP,A205V:V162A,MSKGEELFTGVVPILVELDGDVNGHKFSVSGEGEGDATYGKLTLKFICTTGKLPVPWPTLVTTLSYGVQCFSRYPDHMKQHDFFKSAMPEGYVQERTIFFKDDGNYKTRAEVKFEGDTLVNRIELKGIDFKEDGNILGHKLEYNYNSHNVYIMADKQKNGIKANFKIRHNIEDGSVQLADHYQQNTPIGDGPVLLPDNHYLSTQSVLSKDPNEKRDHMVLLEFVTAAGITHGMDELYK,2,0.21118053197860717,0.024606355364903427,1.5246923880480925,0.19887735429615547,0.0662325769662857,1.0,low,stable proxy
2,avGFP,L177I:V162A,MSKGEELFTGVVPILVELDGDVNGHKFSVSGEGEGDATYGKLTLKFICTTGKLPVPWPTLVTTLSYGVQCFSRYPDHMKQHDFFKSAMPEGYVQERTIFFKDDGNYKTRAEVKFEGDTLVNRIELKGIDFKEDGNILGHKLEYNYNSHNVYIMADKQKNGIKANFKIRHNIEDGSVQIADHYQQNTPIGDGPVLLPDNHYLSTQSALSKDPNEKRDHMVLLEFVTAAGITHGMDELYK,2,0.20456385910511016,0.019224633170967526,1.5180757151745956,0.1949515425196264,0.05500192195177078,1.0,low,stable proxy
3,avGFP,L177I:Q183R,MSKGEELFTGVVPILVELDGDVNGHKFSVSGEGEGDATYGKLTLKFICTTGKLPVPWPTLVTTLSYGVQCFSRYPDHMKQHDFFKSAMPEGYVQERTIFFKDDGNYKTRAEVKFEGDTLVNRIELKGIDFKEDGNILGHKLEYNYNSHNVYIMADKQKNGIKVNFKIRHNIEDGSVQIADHYQRNTPIGDGPVLLPDNHYLSTQSALSKDPNEKRDHMVLLEFVTAAGITHGMDELYK,2,0.19915054142475128,0.017079867150852107,1.5126623974942366,0.1906106078493252,0.03168695420026779,1.0,low,stable proxy
4,avGFP,K213E:V162A,MSKGEELFTGVVPILVELDGDVNGHKFSVSGEGEGDATYGKLTLKFICTTGKLPVPWPTLVTTLSYGVQCFSRYPDHMKQHDFFKSAMPEGYVQERTIFFKDDGNYKTRAEVKFEGDTLVNRIELKGIDFKEDGNILGHKLEYNYNSHNVYIMADKQKNGIKANFKIRHNIEDGSVQLADHYQQNTPIGDGPVLLPDNHYLSTQSALSKDPNEERDHMVLLEFVTAAGITHGMDELYK,2,0.19758199751377106,0.020120238799433126,1.5110938535832565,0.1875218781140545,0.03968473896384239,1.0,low,stable proxy
5,avGFP,L177I:Q183R:Y38S,MSKGEELFTGVVPILVELDGDVNGHKFSVSGEGEGDATSGKLTLKFICTTGKLPVPWPTLVTTLSYGVQCFSRYPDHMKQHDFFKSAMPEGYVQERTIFFKDDGNYKTRAEVKFEGDTLVNRIELKGIDFKEDGNILGHKLEYNYNSHNVYIMADKQKNGIKVNFKIRHNIEDGSVQIADHYQRNTPIGDGPVLLPDNHYLSTQSALSKDPNEKRDHMVLLEFVTAAGITHGMDELYK,3,0.195576474070549,0.018172343487044242,1.5090883301400344,0.1864903023270269,0.06627069413661957,1.0,low,stable proxy
6,avGFP,D18E:S201C:V162A,MSKGEELFTGVVPILVELEGDVNGHKFSVSGEGEGDATYGKLTLKFICTTGKLPVPWPTLVTTLSYGVQCFSRYPDHMKQHDFFKSAMPEGYVQERTIFFKDDGNYKTRAEVKFEGDTLVNRIELKGIDFKEDGNILGHKLEYNYNSHNVYIMADKQKNGIKANFKIRHNIEDGSVQLADHYQQNTPIGDGPVLLPDNHYLCTQSALSKDPNEKRDHMVLLEFVTAAGITHGMDELYK,3,0.1943174719810486,0.021929390956273203,1.507829328050534,0.18335277650291198,0.08072656393051147,1.0,low,stable proxy
7,avGFP,D18E:L177V,MSKGEELFTGVVPILVELEGDVNGHKFSVSGEGEGDATYGKLTLKFICTTGKLPVPWPTLVTTLSYGVQCFSRYPDHMKQHDFFKSAMPEGYVQERTIFFKDDGNYKTRAEVKFEGDTLVNRIELKGIDFKEDGNILGHKLEYNYNSHNVYIMADKQKNGIKVNFKIRHNIEDGSVQVADHYQQNTPIGDGPVLLPDNHYLSTQSALSKDPNEKRDHMVLLEFVTAAGITHGMDELYK,2,0.1957670956850052,0.026568353385357603,1.5092789517544907,0.18248291899232638,0.08530527353286743,1.0,low,stable proxy
8,avGFP,L136M:V162A,MSKGEELFTGVVPILVELDGDVNGHKFSVSGEGEGDATYGKLTLKFICTTGKLPVPWPTLVTTLSYGVQCFSRYPDHMKQHDFFKSAMPEGYVQERTIFFKDDGNYKTRAEVKFEGDTLVNRIELKGIDFKEDGNIMGHKLEYNYNSHNVYIMADKQKNGIKANFKIRHNIEDGSVQLADHYQQNTPIGDGPVLLPDNHYLSTQSALSKDPNEKRDHMVLLEFVTAAGITHGMDELYK,2,0.1951894909143448,0.025417650750810518,1.5087013469838302,0.18248066553893952,0.05661028251051903,1.0,low,stable proxy
9,avGFP,K157V:S174T:T224S,MSKGEELFTGVVPILVELDGDVNGHKFSVSGEGEGDATYGKLTLKFICTTGKLPVPWPTLVTTLSYGVQCFSRYPDHMKQHDFFKSAMPEGYVQERTIFFKDDGNYKTRAEVKFEGDTLVNRIELKGIDFKEDGNILGHKLEYNYNSHNVYIMADKQVNGIKVNFKIRHNIEDGTVQLADHYQQNTPIGDGPVLLPDNHYLSTQSALSKDPNEKRDHMVLLEFVSAAGITHGMDELYK,3,0.190531387925148,0.016728927448961952,1.5040432439946334,0.18216692420066705,0.1500958353281021,1.0,low,stable proxy
10,avGFP,E4R:N163T:T42S:V162A,MSKGRELFTGVVPILVELDGDVNGHKFSVSGEGEGDATYGKLSLKFICTTGKLPVPWPTLVTTLSYGVQCFSRYPDHMKQHDFFKSAMPEGYVQERTIFFKDDGNYKTRAEVKFEGDTLVNRIELKGIDFKEDGNILGHKLEYNYNSHNVYIMADKQKNGIKATFKIRHNIEDGSVQLADHYQQNTPIGDGPVLLPDNHYLSTQSALSKDPNEKRDHMVLLEFVTAAGITHGMDELYK,4,0.19044470489025117,0.01658408713251156,1.5039565609597365,0.18215266132399538,0.09360717236995697,1.0,low,stable proxy
1,cgreGFP,A2E:I163V,MTELTEGAKLFEKEIPYITELEGDVEGMKFIIKGEGTGDATTGTIKAKYICTTGDLPVPWATILSSLSYGVFCFAKYPRHIADFFKSTQPDGYSQDRIISFDNDGQYDVKAKVTYENGTLYNRVTVKGTGFKSNGNILGMRVLYHSPPHAVYILPDRKNGGMKVEYNKAFDVMGGGHQMARHAQFNKPLGAWEEDYPLYHHLTVWTSFGKDPDDDETDHLTIVEVIKAVDLETYR,2,0.11912112981081009,0.011432942456205008,1.622512519876002,0.11340465858270758,0.005856508854776621,1.0,low,stable proxy
2,cgreGFP,I163V:K32R,MTALTEGAKLFEKEIPYITELEGDVEGMKFIIRGEGTGDATTGTIKAKYICTTGDLPVPWATILSSLSYGVFCFAKYPRHIADFFKSTQPDGYSQDRIISFDNDGQYDVKAKVTYENGTLYNRVTVKGTGFKSNGNILGMRVLYHSPPHAVYILPDRKNGGMKVEYNKAFDVMGGGHQMARHAQFNKPLGAWEEDYPLYHHLTVWTSFGKDPDDDETDHLTIVEVIKAVDLETYR,2,0.11638537496328354,0.011871552621041939,1.6197767650284753,0.11044959865276256,0.0021052344236522913,1.0,low,stable proxy
3,cgreGFP,I30V:T118A,MTALTEGAKLFEKEIPYITELEGDVEGMKFVIKGEGTGDATTGTIKAKYICTTGDLPVPWATILSSLSYGVFCFAKYPRHIADFFKSTQPDGYSQDRIISFDNDGQYDVKAKVTYENGALYNRVTVKGTGFKSNGNILGMRVLYHSPPHAVYILPDRKNGGMKIEYNKAFDVMGGGHQMARHAQFNKPLGAWEEDYPLYHHLTVWTSFGKDPDDDETDHLTIVEVIKAVDLETYR,2,0.1165089562535286,0.015673238525806807,1.6199003463187205,0.1086723369906252,-0.00131122802849859,1.0,low,stable proxy
4,cgreGFP,I30V:S99T,MTALTEGAKLFEKEIPYITELEGDVEGMKFVIKGEGTGDATTGTIKAKYICTTGDLPVPWATILSSLSYGVFCFAKYPRHIADFFKSTQPDGYSQDRIITFDNDGQYDVKAKVTYENGTLYNRVTVKGTGFKSNGNILGMRVLYHSPPHAVYILPDRKNGGMKIEYNKAFDVMGGGHQMARHAQFNKPLGAWEEDYPLYHHLTVWTSFGKDPDDDETDHLTIVEVIKAVDLETYR,2,0.11517368704080581,0.013506427687906986,1.6185650771059976,0.10842047319685232,0.0005753188743256032,1.0,low,stable proxy
5,cgreGFP,I30V:I49V,MTALTEGAKLFEKEIPYITELEGDVEGMKFVIKGEGTGDATTGTIKAKYVCTTGDLPVPWATILSSLSYGVFCFAKYPRHIADFFKSTQPDGYSQDRIISFDNDGQYDVKAKVTYENGTLYNRVTVKGTGFKSNGNILGMRVLYHSPPHAVYILPDRKNGGMKIEYNKAFDVMGGGHQMARHAQFNKPLGAWEEDYPLYHHLTVWTSFGKDPDDDETDHLTIVEVIKAVDLETYR,2,0.11333628594875336,0.01242092840020563,1.6167276760139453,0.10712582174865054,0.0003245049447286874,1.0,low,stable proxy
6,cgreGFP,T216S:T40S,MTALTEGAKLFEKEIPYITELEGDVEGMKFIIKGEGTGDASTGTIKAKYICTTGDLPVPWATILSSLSYGVFCFAKYPRHIADFFKSTQPDGYSQDRIISFDNDGQYDVKAKVTYENGTLYNRVTVKGTGFKSNGNILGMRVLYHSPPHAVYILPDRKNGGMKIEYNKAFDVMGGGHQMARHAQFNKPLGAWEEDYPLYHHLTVWTSFGKDPDDDESDHLTIVEVIKAVDLETYR,2,0.11616763919591903,0.019786599280018396,1.6195590292611108,0.10627433955590984,-0.0014006957644596696,1.0,low,stable proxy
7,cgreGFP,I163V:I17V,MTALTEGAKLFEKEIPYVTELEGDVEGMKFIIKGEGTGDATTGTIKAKYICTTGDLPVPWATILSSLSYGVFCFAKYPRHIADFFKSTQPDGYSQDRIISFDNDGQYDVKAKVTYENGTLYNRVTVKGTGFKSNGNILGMRVLYHSPPHAVYILPDRKNGGMKVEYNKAFDVMGGGHQMARHAQFNKPLGAWEEDYPLYHHLTVWTSFGKDPDDDETDHLTIVEVIKAVDLETYR,2,0.11469029635190964,0.01685827410775174,1.6180816864171015,0.10626115929803377,0.0010401583276689053,1.0,low,stable proxy
8,cgreGFP,I152V:I163V,MTALTEGAKLFEKEIPYITELEGDVEGMKFIIKGEGTGDATTGTIKAKYICTTGDLPVPWATILSSLSYGVFCFAKYPRHIADFFKSTQPDGYSQDRIISFDNDGQYDVKAKVTYENGTLYNRVTVKGTGFKSNGNILGMRVLYHSPPHAVYVLPDRKNGGMKVEYNKAFDVMGGGHQMARHAQFNKPLGAWEEDYPLYHHLTVWTSFGKDPDDDETDHLTIVEVIKAVDLETYR,2,0.11619742661714554,0.021163881473164812,1.6195888166823373,0.10561548588056313,0.004933762364089489,1.0,low,stable proxy
9,cgreGFP,D212N:T232S,MTALTEGAKLFEKEIPYITELEGDVEGMKFIIKGEGTGDATTGTIKAKYICTTGDLPVPWATILSSLSYGVFCFAKYPRHIADFFKSTQPDGYSQDRIISFDNDGQYDVKAKVTYENGTLYNRVTVKGTGFKSNGNILGMRVLYHSPPHAVYILPDRKNGGMKIEYNKAFDVMGGGHQMARHAQFNKPLGAWEEDYPLYHHLTVWTSFGKDPNDDETDHLTIVEVIKAVDLESYR,2,0.11361553966999054,0.01727657024829684,1.6170069297351823,0.10497725454584211,-0.0014461178798228502,1.0,low,stable proxy
10,cgreGFP,I152V:L119V,MTALTEGAKLFEKEIPYITELEGDVEGMKFIIKGEGTGDATTGTIKAKYICTTGDLPVPWATILSSLSYGVFCFAKYPRHIADFFKSTQPDGYSQDRIISFDNDGQYDVKAKVTYENGTVYNRVTVKGTGFKSNGNILGMRVLYHSPPHAVYVLPDRKNGGMKIEYNKAFDVMGGGHQMARHAQFNKPLGAWEEDYPLYHHLTVWTSFGKDPDDDETDHLTIVEVIKAVDLETYR,2,0.11553267389535904,0.021162572401557556,1.6189240639605509,0.10495138769458026,0.003641029354184866,1.0,low,stable proxy
1,ppluGFP,G206R:L199H,MPAMKIECRITGTLNGVEFELVGGGEGTPEQGRMTNKMKSTKGALTFSPYLLSHVMGYGFYHFGTYPSGYENPFLHAINNGGYTNTRIEKYEDGGVLHVSFSYRYEAGRVIGDFKVVGTGFPEDSVIFTDKIIRSNATVEHLHPMGDNVLVGSFARTFSLRDGGYYSFVVDSHMHFKSAIHPSILQNGGPMFAFRRVEEHHSNTELRIVEYQHAFKTPIAFA,2,0.11411301493644714,0.009661341334635101,1.5553272287399893,0.10928234426912958,0.07363097369670868,1.0,low,stable proxy
2,ppluGFP,A221E:Y210H,MPAMKIECRITGTLNGVEFELVGGGEGTPEQGRMTNKMKSTKGALTFSPYLLSHVMGYGFYHFGTYPSGYENPFLHAINNGGYTNTRIEKYEDGGVLHVSFSYRYEAGRVIGDFKVVGTGFPEDSVIFTDKIIRSNATVEHLHPMGDNVLVGSFARTFSLRDGGYYSFVVDSHMHFKSAIHPSILQNGGPMFAFRRVEELHSNTELGIVEHQHAFKTPIAFE,2,0.10698713660240174,0.004410031866241131,1.548201350405944,0.10478212066928116,0.06210123747587204,1.0,low,stable proxy
3,ppluGFP,L199H:T216R,MPAMKIECRITGTLNGVEFELVGGGEGTPEQGRMTNKMKSTKGALTFSPYLLSHVMGYGFYHFGTYPSGYENPFLHAINNGGYTNTRIEKYEDGGVLHVSFSYRYEAGRVIGDFKVVGTGFPEDSVIFTDKIIRSNATVEHLHPMGDNVLVGSFARTFSLRDGGYYSFVVDSHMHFKSAIHPSILQNGGPMFAFRRVEEHHSNTELGIVEYQHAFKRPIAFA,2,0.10819633305072784,0.00917062279458314,1.54941054685427,0.10361102165343627,0.05822363868355751,1.0,low,stable proxy
4,ppluGFP,G206E:T34G,MPAMKIECRITGTLNGVEFELVGGGEGTPEQGRMGNKMKSTKGALTFSPYLLSHVMGYGFYHFGTYPSGYENPFLHAINNGGYTNTRIEKYEDGGVLHVSFSYRYEAGRVIGDFKVVGTGFPEDSVIFTDKIIRSNATVEHLHPMGDNVLVGSFARTFSLRDGGYYSFVVDSHMHFKSAIHPSILQNGGPMFAFRRVEELHSNTELEIVEYQHAFKTPIAFA,2,0.10099317729473115,0.006857392226020624,1.5422073910982734,0.09756448118172083,0.04891446605324745,1.0,low,stable proxy
5,ppluGFP,F167Y:L199R,MPAMKIECRITGTLNGVEFELVGGGEGTPEQGRMTNKMKSTKGALTFSPYLLSHVMGYGFYHFGTYPSGYENPFLHAINNGGYTNTRIEKYEDGGVLHVSFSYRYEAGRVIGDFKVVGTGFPEDSVIFTDKIIRSNATVEHLHPMGDNVLVGSFARTFSLRDGGYYSYVVDSHMHFKSAIHPSILQNGGPMFAFRRVEERHSNTELGIVEYQHAFKTPIAFA,2,0.09787319004535674,0.009708185357829134,1.5390874038488989,0.09301909736644218,0.04855139181017876,1.0,low,stable proxy
6,ppluGFP,A221E:R32L,MPAMKIECRITGTLNGVEFELVGGGEGTPEQGLMTNKMKSTKGALTFSPYLLSHVMGYGFYHFGTYPSGYENPFLHAINNGGYTNTRIEKYEDGGVLHVSFSYRYEAGRVIGDFKVVGTGFPEDSVIFTDKIIRSNATVEHLHPMGDNVLVGSFARTFSLRDGGYYSFVVDSHMHFKSAIHPSILQNGGPMFAFRRVEELHSNTELGIVEYQHAFKTPIAFE,2,0.09638949036598206,0.008316811276189759,1.5376037041695243,0.09223108472788719,0.06091896444559097,1.0,low,stable proxy
7,ppluGFP,A221E:G206E:H97R,MPAMKIECRITGTLNGVEFELVGGGEGTPEQGRMTNKMKSTKGALTFSPYLLSHVMGYGFYHFGTYPSGYENPFLHAINNGGYTNTRIEKYEDGGVLRVSFSYRYEAGRVIGDFKVVGTGFPEDSVIFTDKIIRSNATVEHLHPMGDNVLVGSFARTFSLRDGGYYSFVVDSHMHFKSAIHPSILQNGGPMFAFRRVEELHSNTELEIVEYQHAFKTPIAFE,3,0.09869036972522735,0.013638820001104971,1.5399045835287695,0.09187095972467486,0.0768023207783699,1.0,low,stable proxy
8,ppluGFP,G206E:T27N,MPAMKIECRITGTLNGVEFELVGGGEGNPEQGRMTNKMKSTKGALTFSPYLLSHVMGYGFYHFGTYPSGYENPFLHAINNGGYTNTRIEKYEDGGVLHVSFSYRYEAGRVIGDFKVVGTGFPEDSVIFTDKIIRSNATVEHLHPMGDNVLVGSFARTFSLRDGGYYSFVVDSHMHFKSAIHPSILQNGGPMFAFRRVEELHSNTELEIVEYQHAFKTPIAFA,2,0.09608735740184784,0.010219042797610607,1.5373015712053901,0.09097783600304254,0.043794579803943634,1.0,low,stable proxy
9,ppluGFP,F193Y:L199H,MPAMKIECRITGTLNGVEFELVGGGEGTPEQGRMTNKMKSTKGALTFSPYLLSHVMGYGFYHFGTYPSGYENPFLHAINNGGYTNTRIEKYEDGGVLHVSFSYRYEAGRVIGDFKVVGTGFPEDSVIFTDKIIRSNATVEHLHPMGDNVLVGSFARTFSLRDGGYYSFVVDSHMHFKSAIHPSILQNGGPMFAYRRVEEHHSNTELGIVEYQHAFKTPIAFA,2,0.09652504324913025,0.01162166519035058,1.5377392570526724,0.09071421065395496,0.039176493883132935,1.0,low,stable proxy
10,ppluGFP,K215T:L199R:R32H,MPAMKIECRITGTLNGVEFELVGGGEGTPEQGHMTNKMKSTKGALTFSPYLLSHVMGYGFYHFGTYPSGYENPFLHAINNGGYTNTRIEKYEDGGVLHVSFSYRYEAGRVIGDFKVVGTGFPEDSVIFTDKIIRSNATVEHLHPMGDNVLVGSFARTFSLRDGGYYSFVVDSHMHFKSAIHPSILQNGGPMFAFRRVEERHSNTELGIVEYQHAFTTPIAFA,3,0.09610257446765899,0.011738324312688082,1.537316788271201,0.09023341231131494,0.07846024632453918,1.0,low,stable proxy
